1,32.194167,48.243611,2017-06-30 12:39:34.71,null,-1,شوش,false,6471,خوزستان,Khozestan,0
2,30.595833,50.241667,2017-07-03 14:41:22.907,null,-1,بهبهان,false,6361,خوزستان,Khozestan,0
3,35.696111,51.423056,2017-06-26 04:25:50.02,null,-1,تهران,false,1,تهران,Tehran,0
5,31.3183272,48.6706187,2017-06-24 19:39:47.673,null,-1,اهواز,false,61,خوزستان,Khozestan,0
7,36.5018185,48.3988186,2017-07-03 10:21:35.66,null,-1,زنجان,false,451,زنجان,Zanjan,0
9,30.558889,49.198056,2017-06-23 09:25:32.003,null,-1,بندرماهشهر,false,6351,خوزستان,Khozestan,0
11,27.1832216,56.2666455,2017-06-22 01:25:27.467,null,-1,بندرعباس,false,791,هرمزگان,Hormozgan,0
12,31.892452,54.354034,2017-06-22 17:08:05.017,null,-1,يزد,false,891,يزد,Yazd,0
20,36.8456427,54.4393363,2017-06-25 14:58:13.563,null,-1,گرگان,false,491,گلستان,Golestan,0
21,38.079427,46.284433,2017-06-27 06:22:37.56,null,-1,تبريز,false,51,آذربايجان شرقي,Azarbayejan sharghi,0
26,33.6406148,50.0771125,2017-07-01 14:43:35.737,null,-1,بندرامام خميني,false,63561,خوزستان,Khozestan,0
40,32.8649039,59.2262472,2017-06-22 13:46:39.127,null,-1,بيرجند,false,971,خراسان جنوبي,Khorasan jonobi,0
50,37.280833,49.583056,2017-06-28 17:29:15.413,null,-1,رشت,false,41,گيلان,Gilan,0
53,37.207222,50.003889,2017-07-02 07:38:32.957,null,-1,لاهيجان-گيلان,false,441,گيلان,Gilan,0
77,33.636344,46.412977,2017-06-22 10:52:26.71,null,-1,ايلام,false,6931,ايلام,Ilam,0
78,34.188611,48.376944,2017-06-22 11:15:29.447,null,-1,نهاوند,false,6591,همدان,Hamedan,0
82,29.4850089,57.6439048,2017-06-23 07:20:27.443,null,-1,کرمان,false,761,كرمان,Kerman,0
91,35.659722,51.059167,2017-06-24 10:06:32.99,null,-1,شهريار,false,3351,تهران,Tehran,0
99,35.1678934,47.8038272,2017-06-25 07:25:04.49,null,-1,قروه,false,6661,كردستان,Kordestan,0
134,35.696111,51.423056,2017-06-29 17:05:42.613,null,-1,منطقه 13 پستي تهران,false,1013,تهران,Tehran,0
143,33.455833,49.455556,2017-07-01 08:29:05.737,null,-1,ازنا,false,6871,لرستان,Lorestan,0
159,37.555278,45.0725,2017-07-02 12:11:38.117,null,-1,اروميه,false,571,آذربايجان غربي,Azarbayejan Gharbi,0
220,35.696111,51.423056,2017-07-02 07:14:37.377,null,-1,منطقه 16 پستي تهران,false,1016,تهران,Tehran,0
230,35.696111,51.423056,2017-06-29 08:54:08.88,null,-1,منطقه 11 پستي تهران,false,1011,تهران,Tehran,0
232,36.521111,46.208889,2017-06-23 17:02:03.61,null,-1,بوکان,false,5951,آذربايجان غربي,Azarbayejan Gharbi,0
242,32.6324231,51.3679914,2017-06-24 06:58:00.363,null,-1,نجف آباد,false,851,اصفهان,Esfehan,0
244,32.6546275,51.6679826,2017-06-25 07:47:41.87,null,-1,اصفهان,false,81,اصفهان,Esfehan,0
246,33.9850358,51.4099625,2017-07-04 01:29:43.077,null,-1,کاشان,false,871,اصفهان,Esfehan,0
252,35.696111,51.423056,2017-06-29 09:15:49.16,null,-1,منطقه 14 پستي تهران,false,1014,تهران,Tehran,0
253,36.2604623,59.6167549,2017-06-24 08:36:44.717,null,-1,مشهد,false,91,خراسان رضوي,Khorasan razavi,0
260,35.5778,51.461973,2017-06-29 10:07:47.253,null,-1,رباطکريم,false,3761,تهران,Tehran,0
266,37.421111,47.715,2017-06-28 08:41:58.353,null,-1,ميانه,false,531,آذربايجان شرقي,Azarbayejan sharghi,0
270,35.3218748,46.9861647,2017-06-27 09:04:24.793,null,-1,سنندج,false,661,كردستان,Kordestan,0
281,33.487778,48.355833,2017-07-03 09:32:26.87,null,-1,خرم آباد-لرستان,false,681,لرستان,Lorestan,0
282,35.8400188,50.9390906,2017-07-02 15:07:53.683,null,-1,کرج,false,31,البرز,Alborz,0
290,36.2151823,57.6678228,2017-07-03 08:25:13.007,null,-1,سبزوار,false,961,خراسان رضوي,Khorasan razavi,0
296,31.028611,61.501111,2017-06-29 09:06:58.457,null,-1,زابل,false,9861,سيستان و بلوچستان,Sistan & baloochestan,0
300,35.696111,51.423056,2017-06-24 07:46:50.65,null,-1,منطقه 19 پستي تهران,false,1019,تهران,Tehran,0
303,35.5445805,51.2302457,2017-07-01 07:01:31.42,null,-1,اسلام شهر,false,331,تهران,Tehran,0
306,35.696111,51.423056,2017-06-24 07:08:04.727,null,-1,منطقه 17 پستي تهران,false,1017,تهران,Tehran,0
312,35.952222,50.6075,2017-07-03 07:51:48.29,null,-1,نظرآباد,false,3331,البرز,Alborz,0
336,35.8400188,50.9390906,2017-06-29 07:37:21.697,null,-1,کرج-(مهرشهر),false,31836,البرز,Alborz,0
399,35.9960467,50.9289246,2017-07-02 12:46:34.277,null,-1,محمدشهر-البرز,false,31778,البرز,Alborz,0
493,38.180278,45.702778,2017-07-03 09:35:24.83,null,-1,شبستر,false,5381,آذربايجان شرقي,Azarbayejan sharghi,0
558,36.574843,52.026721,2017-07-01 07:53:34.17,null,-1,نور,false,4641,مازندران,Mazandaran,0
566,35.696111,51.423056,2017-07-02 06:38:23.02,null,-1,منطقه 18 پستي تهران,false,1018,تهران,Tehran,0
685,35.9960467,50.9289246,2017-06-25 07:48:40.413,null,-1,گرمدره-البرز,false,31638,البرز,Alborz,0
1098,36.955278,45.388056,2017-06-25 07:39:49.647,null,-1,نقده,false,5761,آذربايجان غربي,Azarbayejan Gharbi,0
1339,36.969444,46.102778,2017-06-25 12:11:39.193,null,-1,مياندوآب,false,5971,آذربايجان غربي,Azarbayejan Gharbi,0
1346,29.5917677,52.5836982,2017-06-23 00:28:26.797,null,-1,شيراز-فارس,false,71,فارس,Fars,0
1351,37.475,57.333333,2017-06-22 12:21:18.85,null,-1,بجنورد,false,941,خراسان شمالي,Khorasan shomali,0
1353,37.231111,58.218889,2017-06-24 07:28:13.1,null,-1,فاروج,false,9481,خراسان شمالي,Khorasan shomali,0
1356,34.4576233,46.670534,2017-06-22 06:11:55.457,null,-1,کرمانشاه,false,671,كرمانشاه,Kermanshah,0
1364,32.346389,51.504444,2017-06-24 08:35:42.703,null,-1,مبارکه-اصفهان,false,8481,اصفهان,Esfehan,0
1366,29.496389,60.862778,2017-06-23 20:38:08.64,null,-1,زاهدان,false,981,سيستان و بلوچستان,Sistan & baloochestan,0
1368,27.2025,60.684722,2017-06-24 11:26:31.063,null,-1,ايرانشهر,false,991,سيستان و بلوچستان,Sistan & baloochestan,0
1370,34.091667,49.689167,2017-06-24 01:59:09.647,null,-1,اراک,false,381,مركزي,Markazi,0
1377,30.668684,51.586041,2017-06-23 11:11:34.993,null,-1,ياسوج,false,7591,كهگيلويه و بويراحمد,Kohgilooyeh & boyerahmad,0
1402,34.6399443,50.8759419,2017-06-28 04:26:35.58,null,-1,قم,false,371,قم,Qom,0
1418,34.7607999,48.3988186,2017-06-26 02:24:53.33,null,-1,همدان,false,651,همدان,Hamedan,0
1432,36.563333,53.06,2017-06-29 02:11:01.73,null,-1,ساري,false,481,مازندران,Mazandaran,0
1434,36.650833,53.299167,2017-06-29 07:18:00.71,null,-1,نکا,false,4841,مازندران,Mazandaran,0
1468,36.246389,46.266389,2017-07-03 12:36:16.997,null,-1,سقز,false,6681,كردستان,Kordestan,0
1471,36.2140865,58.7960915,2017-07-04 06:20:07.563,null,-1,نيشابور,false,931,خراسان رضوي,Khorasan razavi,0
1476,36.903056,50.658333,2017-07-03 13:37:25.653,null,-1,رامسر,false,4691,مازندران,Mazandaran,0
1488,35.577864,53.37932,2017-07-04 01:33:52.91,null,-1,سمنان,false,351,سمنان,Semnan,0
1490,33.513333,51.916389,2017-07-04 05:32:51.997,null,-1,نطنز,false,8761,اصفهان,Esfehan,0
1500,34.795556,46.935556,2017-07-04 10:38:08.21,null,-1,کامياران,false,6631,كردستان,Kordestan,0
1620,33.2729171,52.1985314,2017-06-22 09:51:15.387,null,-1,طالقان,false,33691,البرز,Alborz,0
4494,34.7825,48.118611,2017-06-22 06:54:04.77,null,-1,اسدآباد,false,6541,همدان,Hamedan,0
4819,33.220556,50.315,2017-06-28 09:48:27.79,null,-1,خوانسار,false,8791,اصفهان,Esfehan,0
5819,36.272896,50.001921,2017-06-28 08:01:41.943,null,-1,قزوين,false,341,قزوين,Gazvin,0
5840,35.696111,51.423056,2017-06-23 09:01:38.43,null,-1,منطقه 15 پستي تهران,false,1015,تهران,Tehran,0
5915,36.069722,49.695833,2017-06-22 11:32:32.743,null,-1,تاکستان,false,3481,قزوين,Gazvin,0
5947,35.766944,50.057778,2017-07-01 08:31:56.42,null,-1,بوئين زهرا,false,3451,قزوين,Gazvin,0
6012,33.8941993,48.767033,2017-06-28 02:25:22.367,null,-1,بروجرد,false,691,لرستان,Lorestan,0
6031,36.04,50.531111,2017-06-24 09:10:49.043,null,-1,آبيک,false,3441,قزوين,Gazvin,0
6075,35.5778,51.461973,2017-06-28 11:38:34.643,null,-1,اسفرورين,false,34561,قزوين,Gazvin,0
6186,38.250459,48.301197,2017-06-28 09:51:59.763,null,-1,اردبيل,false,561,اردبيل,Ardebil,0
6187,39.648333,47.9175,2017-06-28 20:07:33.477,null,-1,پارس آباد,false,5691,اردبيل,Ardebil,0
6560,36.418056,54.976389,2017-06-24 13:11:32.743,null,-1,شاهرود,false,361,سمنان,Semnan,0
6562,35.577864,53.37932,2017-06-25 09:17:05.483,null,-1,بسطام-سمنان,false,3641,سمنان,Semnan,0
6592,38.398889,47.681944,2017-06-25 14:49:03.137,null,-1,مشگين شهر,false,5661,اردبيل,Ardebil,0
6618,36.763056,45.722222,2017-06-28 13:43:11.08,null,-1,مهاباد-آذربايجان غربي,false,591,آذربايجان غربي,Azarbayejan Gharbi,0
6683,28.938333,53.648333,2017-06-22 08:48:40.12,null,-1,فسا,false,7461,فارس,Fars,0
6745,37.340278,46.056111,2017-06-25 10:05:46.167,null,-1,بناب,false,5551,آذربايجان شرقي,Azarbayejan sharghi,0
6788,32.700278,51.521111,2017-06-25 12:31:37.287,null,-1,خميني شهر,false,841,اصفهان,Esfehan,0
6824,29.198889,54.327778,2017-06-22 13:46:03.443,null,-1,ني ريز,false,7491,فارس,Fars,0
6827,29.9125,53.308611,2017-06-22 08:16:40.31,null,-1,ارسنجان,false,73761,فارس,Fars,0
6849,29.106111,58.356944,2017-06-22 07:59:03.647,null,-1,بم,false,7661,كرمان,Kerman,0
6859,37.389167,46.2375,2017-06-22 07:44:51.617,null,-1,مراغه-آذربايجان شرقي,false,551,آذربايجان شرقي,Azarbayejan sharghi,0
6869,27.146667,57.08,2017-06-24 06:48:05.377,null,-1,ميناب,false,7981,هرمزگان,Hormozgan,0
6879,29.4586676,55.6714051,2017-06-22 10:57:39.253,null,-1,سيرجان,false,781,كرمان,Kerman,0
6885,37.145625,46.1685242,2017-06-22 11:51:57.303,null,-1,ملکان,false,5561,آذربايجان شرقي,Azarbayejan sharghi,0
6888,33.595833,56.924444,2017-06-23 17:19:19.817,null,-1,طبس,false,9791,خراسان جنوبي,Khorasan jonobi,0
6902,27.9467603,57.7062572,2017-06-22 12:08:14.743,null,-1,کهنوج,false,7881,كرمان,Kerman,0
6916,36.469722,52.350833,2017-06-22 08:18:38.367,null,-1,آمل,false,461,مازندران,Mazandaran,0
6939,30.347296,48.2934004,2017-06-23 13:24:21.993,null,-1,آبادان,false,631,خوزستان,Khozestan,0
6954,28.9233837,50.820314,2017-06-22 08:12:40.663,null,-1,بوشهر,false,751,بوشهر,Booshehr,0
6966,37.25,55.167222,2017-06-22 10:14:00.04,null,-1,گنبد کاووس,false,4971,گلستان,Golestan,0
6968,32.735278,59.466667,2017-06-22 09:39:27.55,null,-1,خشکبيجار,false,43391,گيلان,Gilan,0
6969,37.196944,50.153611,2017-06-22 07:46:47.647,null,-1,لنگرود,false,4471,گيلان,Gilan,0
6970,37.550675,49.1409801,2017-06-22 07:48:18.323,null,-1,رضوانشهر-گيلان,false,43841,گيلان,Gilan,0
7000,38.197222,44.765278,2017-07-03 08:21:54.143,null,-1,سلماس,false,5881,آذربايجان غربي,Azarbayejan Gharbi,0
7023,36.400833,47.113333,2017-06-22 08:40:36.063,null,-1,تکاب,false,5991,آذربايجان غربي,Azarbayejan Gharbi,0
7031,32.3830777,48.4235841,2017-06-22 14:54:48.67,null,-1,دزفول,false,6461,خوزستان,Khozestan,0
7060,39.0649837,44.3844679,2017-06-22 07:53:55.913,null,-1,سيه چشمه(چالدران),false,58716,آذربايجان غربي,Azarbayejan Gharbi,0
7061,39.295278,44.516667,2017-06-25 10:31:46.24,null,-1,ماکو,false,5861,آذربايجان غربي,Azarbayejan Gharbi,0
7153,36.155278,45.478889,2017-06-25 07:59:19.637,null,-1,سردشت-آذربايجان غربي,false,5961,آذربايجان غربي,Azarbayejan Gharbi,0
7158,36.694444,45.141667,2017-06-22 07:49:48.757,null,-1,پيرانشهر,false,5781,آذربايجان غربي,Azarbayejan Gharbi,0
7198,38.550278,44.952222,2017-06-22 08:47:15.86,null,-1,خوي,false,581,آذربايجان غربي,Azarbayejan Gharbi,0
7643,31.160833,52.650556,2017-06-24 12:44:34.327,null,-1,آباده,false,7391,فارس,Fars,0
7652,38.425117,45.769636,2017-06-22 11:03:21.193,null,-1,مرند,false,541,آذربايجان شرقي,Azarbayejan sharghi,0
7691,35.3252407,51.6471987,2017-06-22 07:51:29.187,null,-1,ورامين,false,3371,تهران,Tehran,0
7719,28.309167,55.901667,2017-06-24 11:40:55.827,null,-1,حاجي آباد-فارس,false,74861,فارس,Fars,0
7726,28.6751124,57.7371569,2017-06-24 11:19:13.207,null,-1,جيرفت,false,7861,كرمان,Kerman,0
7733,30.406667,55.993889,2017-06-24 08:15:53.047,null,-1,رفسنجان,false,771,كرمان,Kerman,0
7736,37.223889,49.3125,2017-06-24 07:08:12.06,null,-1,فومن,false,4351,گيلان,Gilan,0
7845,36.53848,52.676618,2017-06-23 10:20:02.287,null,-1,بابل,false,471,مازندران,Mazandaran,0
7907,38.509722,46.654444,2017-06-24 12:32:53.91,null,-1,ورزقان,false,54581,آذربايجان شرقي,Azarbayejan sharghi,0
7957,36.906832,54.864477,2017-06-24 08:25:45.45,null,-1,علي آباد,false,4941,گلستان,Golestan,0
7997,33.9275,49.411667,2017-06-24 10:07:10.543,null,-1,شازند,false,3861,مركزي,Markazi,0
8005,30.649722,48.664722,2017-06-24 13:07:30.457,null,-1,شادگان,false,6431,خوزستان,Khozestan,0
8008,30.236389,49.711944,2017-06-28 14:27:57.847,null,-1,هنديجان,false,63591,خوزستان,Khozestan,0
8026,26.8118673,55.8913207,2017-06-24 07:18:42.457,null,-1,قشم,false,7951,هرمزگان,Hormozgan,0
8031,34.461111,45.862778,2017-06-23 13:04:20.543,null,-1,سرپل ذهاب,false,6771,كرمانشاه,Kermanshah,0
8034,25.291944,60.643056,2017-06-22 13:49:31.83,null,-1,چابهار,false,9971,سيستان و بلوچستان,Sistan & baloochestan,0
8036,25.360278,60.399444,2017-06-24 11:16:00.83,null,-1,کنارک,false,9981,سيستان و بلوچستان,Sistan & baloochestan,0
8063,33.990556,50.683889,2017-06-24 09:13:15.253,null,-1,دليجان,false,3791,مركزي,Markazi,0
8092,37.311667,49.321944,2017-06-24 08:56:15.777,null,-1,صومعه سرا,false,4361,گيلان,Gilan,0
8117,38.869444,47.035556,2017-06-22 11:27:33.88,null,-1,کليبر,false,5461,آذربايجان شرقي,Azarbayejan sharghi,0
8122,34.296944,48.823611,2017-06-24 07:19:17.567,null,-1,ملاير,false,6571,همدان,Hamedan,0
8289,36.6459174,51.406979,2017-06-24 08:35:15.97,null,-1,چالوس,false,4661,مازندران,Mazandaran,0
8332,31.28,49.603611,2017-06-23 13:29:15.92,null,-1,رامهرمز,false,6381,خوزستان,Khozestan,0
8409,38.940278,45.630833,2017-06-22 11:21:21.98,null,-1,جلفا,false,5441,آذربايجان شرقي,Azarbayejan sharghi,0
8443,37.380833,55.491667,2017-06-24 12:58:11.46,null,-1,کلاله,false,4991,گلستان,Golestan,0
8449,38.4894305,47.0683575,2017-06-22 08:49:03.707,null,-1,اهر,false,5451,آذربايجان شرقي,Azarbayejan sharghi,0
8457,25.643889,57.774444,2017-06-25 09:17:40.977,null,-1,بندرجاسک,false,79791,هرمزگان,Hormozgan,0
8462,35.9985999,45.8823428,2017-06-24 14:33:17.143,null,-1,بانه,false,6691,كردستان,Kordestan,0
8472,37.940833,47.536667,2017-06-22 10:41:53.857,null,-1,سراب,false,5471,آذربايجان شرقي,Azarbayejan sharghi,0
8841,33.153611,47.713611,2017-06-23 22:00:43.4,null,-1,پلدختر,false,6851,لرستان,Lorestan,0
8891,34.7120892,46.6512998,2017-06-23 10:40:58.87,null,-1,روانسر,false,67961,كرمانشاه,Kermanshah,0
8945,36.641111,52.9125,2017-06-24 06:13:29.81,null,-1,جويبار,false,4771,مازندران,Mazandaran,0
9122,37.039722,45.098333,2017-06-24 07:29:21.81,null,-1,اشنويه,false,5771,آذربايجان غربي,Azarbayejan Gharbi,0
9725,35.4668913,51.6860625,2017-06-24 07:19:00.67,null,-1,پاکدشت,false,3391,تهران,Tehran,0
9840,33.453611,50.288333,2017-06-24 12:24:00.083,null,-1,گلپايگان,false,8771,اصفهان,Esfehan,0
9934,34.7607999,48.3988186,2017-06-24 08:26:48.833,null,-1,صالح آباد-همدان,false,65361,همدان,Hamedan,0
9947,37.915833,46.123611,2017-06-24 09:25:13.05,null,-1,اسکو,false,5351,آذربايجان شرقي,Azarbayejan sharghi,0
9989,32.694167,47.267778,2017-06-25 17:39:06.053,null,-1,دهلران,false,6981,ايلام,Ilam,0
10168,34.783611,47.600278,2017-06-24 11:17:39.087,null,-1,سنقر,false,6751,كرمانشاه,Kermanshah,0
10312,35.526944,46.176389,2017-06-25 11:44:35.86,null,-1,مريوان,false,6671,كردستان,Kordestan,0
10452,35.043333,46.356389,2017-06-25 12:06:34.867,null,-1,پاوه,false,6791,كرمانشاه,Kermanshah,0
10653,32.46,48.359167,2017-06-27 13:15:01.59,null,-1,انديمشک,false,6481,خوزستان,Khozestan,0
10701,37.618889,48.525833,2017-06-25 15:14:28.047,null,-1,خلخال,false,5681,اردبيل,Ardebil,0
11048,29.579167,50.516944,2017-06-28 07:36:41.57,null,-1,بندرگناوه,false,7531,بوشهر,Booshehr,0
11128,27.827778,52.326944,2017-06-28 07:35:53.203,null,-1,جم,false,75581,بوشهر,Booshehr,0
11432,38.429167,48.871944,2017-06-27 11:11:44.16,null,-1,آستارا,false,4391,گيلان,Gilan,0
11441,30.893889,61.680278,2017-06-28 09:41:18.64,null,-1,زهک,false,9871,سيستان و بلوچستان,Sistan & baloochestan,0
11458,28.5,53.560556,2017-06-27 09:12:45.91,null,-1,جهرم,false,741,فارس,Fars,0
11729,35.5778,51.461973,2017-06-27 18:55:58.387,null,-1,قصرشيرين,false,6781,كرمانشاه,Kermanshah,0
11743,32.735278,59.466667,2017-06-29 10:41:21.493,null,-1,بيجار,false,6651,كردستان,Kordestan,0
11831,28.309167,55.901667,2017-06-30 06:59:35.017,null,-1,حاجي آباد-هرمزگان,false,79391,هرمزگان,Hormozgan,0
12882,33.9085748,50.4552616,2017-06-28 08:11:03.73,null,-1,محلات,false,3781,مركزي,Markazi,0
12893,35.238333,58.465556,2017-06-29 08:09:45.86,null,-1,کاشمر,false,9671,خراسان رضوي,Khorasan razavi,0
12931,35.021389,50.356667,2017-06-28 07:05:09.823,null,-1,ساوه,false,391,مركزي,Markazi,0
12995,36.645556,59.121111,2017-06-29 06:45:05.097,null,-1,چناران,false,9361,خراسان رضوي,Khorasan razavi,0
13267,36.709747,51.20048,2017-06-29 12:18:29.6,null,-1,سلمانشهر,false,4671,مازندران,Mazandaran,0
13285,33.827222,46.309722,2017-06-28 13:47:13.813,null,-1,ايوان,false,6941,ايلام,Ilam,0
13495,37.106111,58.509444,2017-06-29 06:31:34.27,null,-1,قوچان,false,9471,خراسان رضوي,Khorasan razavi,0
13659,37.0916334,50.1869377,2017-06-29 08:52:58.62,null,-1,املش,false,44951,گيلان,Gilan,0
13713,33.400556,49.695,2017-06-30 11:23:01.303,null,-1,اليگودرز,false,6861,لرستان,Lorestan,0
13977,36.648889,51.496111,2017-06-30 09:37:30.31,null,-1,نوشهر,false,4651,مازندران,Mazandaran,0
14304,37.477778,47.050833,2017-07-01 09:36:45.39,null,-1,هشترود,false,5571,آذربايجان شرقي,Azarbayejan sharghi,0
14558,32.2487226,54.0079341,2017-07-01 08:12:56.41,null,-1,ميبد,false,8961,يزد,Yazd,0
14605,28.871389,52.091667,2017-07-02 07:22:27.76,null,-1,فراشبند,false,74771,فارس,Fars,0
14750,27.370833,62.334167,2017-07-03 09:16:56.913,null,-1,سراوان-سيستان و بلوچستان,false,9951,سيستان و بلوچستان,Sistan & baloochestan,0
15001,32.555278,51.509722,2017-07-01 07:57:49.02,null,-1,فلاورجان,false,8451,اصفهان,Esfehan,0
15035,30.4256219,48.1891185,2017-07-02 13:24:14.31,null,-1,خرمشهر,false,641,خوزستان,Khozestan,0
15075,36.774965,53.9461749,2017-07-01 09:15:40.413,null,-1,بندر گز,false,4871,گلستان,Golestan,0
15092,32.6546275,51.6679826,2017-07-01 08:38:26.95,null,-1,دولت آباد-اصفهان,false,8341,اصفهان,Esfehan,0
15172,36.7025,52.6575,2017-07-01 08:03:15.703,null,-1,بابلسر,false,4741,مازندران,Mazandaran,0
15313,33.4955028,49.0631743,2017-07-01 06:53:29.147,null,-1,دورود,false,6881,لرستان,Lorestan,0
15328,27.8370437,52.0645473,2017-07-03 12:26:53.667,null,-1,بندرکنگان,false,75571,بوشهر,Booshehr,0
15618,34.521944,50.006111,2017-07-01 09:39:49.507,null,-1,آشتيان,false,3961,مركزي,Markazi,0
15625,35.9467494,52.1275481,2017-07-01 07:05:53.56,null,-1,دماوند,false,3971,تهران,Tehran,0
15949,36.463056,52.86,2017-07-02 06:58:58.657,null,-1,قائم شهر,false,4761,مازندران,Mazandaran,0
16106,36.146667,49.218056,2017-07-01 08:49:35.703,null,-1,ابهر,false,4561,زنجان,Zanjan,0
16134,33.860278,58.521667,2017-07-01 14:11:44.957,null,-1,سرايان,false,97771,خراسان جنوبي,Khorasan jonobi,0
16872,32.9925,47.419722,2017-07-03 17:43:52.08,null,-1,آبدانان,false,6971,ايلام,Ilam,0
17054,37.013889,54.455,2017-07-03 08:42:06.753,null,-1,آق قلا,false,4931,گلستان,Golestan,0
17162,31.612778,55.410556,2017-07-03 09:23:52.127,null,-1,بافق,false,8971,يزد,Yazd,0
17896,37.1378415,50.2836199,2017-07-04 07:56:05.987,null,-1,رودسر,false,4481,گيلان,Gilan,0
18053,36.816389,50.873889,2017-07-04 13:25:27.79,null,-1,تنکابن,false,4681,مازندران,Mazandaran,0
18198,33.122222,46.164722,2017-07-04 16:06:41.663,null,-1,مهران,false,6991,ايلام,Ilam,0
20975,36.574843,52.026721,2017-06-22 11:28:15.777,null,-1,نور آباد,false,7351,فارس,Fars,0
20978,37.2598022,49.9436621,2017-06-22 07:25:21.577,null,-1,آستانه اشرفيه,false,4441,گيلان,Gilan,0
21017,27.84,51.937778,2017-06-22 12:41:10.503,null,-1,بندردير,false,75541,بوشهر,Booshehr,0
21110,39.3567775,47.9490765,2017-06-24 07:26:37.9,null,-1,بيله سوار,false,5671,اردبيل,Ardebil,0
21127,38.4894305,47.0683575,2017-06-24 09:40:22.387,null,-1,اهرم,false,7551,بوشهر,Booshehr,0
21207,36.203056,49.186944,2017-06-24 07:38:02.877,null,-1,خرمدره,false,4571,زنجان,Zanjan,0
21257,35.273889,59.219444,2017-06-25 07:13:21.267,null,-1,تربت حيدريه,false,951,خراسان رضوي,Khorasan razavi,0
21267,35.5778,51.461973,2017-06-24 09:42:18.887,null,-1,زرين شهر,false,8471,اصفهان,Esfehan,0
21282,34.974722,59.623611,2017-06-25 07:44:03.51,null,-1,رشتخوار,false,9541,خراسان رضوي,Khorasan razavi,0
21653,30.1182632,50.2261227,2017-06-25 13:34:36.983,null,-1,بندر ديلم,false,75361,بوشهر,Booshehr,0
21672,34.548056,48.446944,2017-06-25 07:30:09.153,null,-1,تويسرکان,false,6581,همدان,Hamedan,0
21691,27.5559931,52.8847205,2017-06-27 09:37:13.99,null,-1,مهر-فارس,false,74451,فارس,Fars,0
22172,30.812778,56.563889,2017-06-27 08:26:46.61,null,-1,زرند,false,7761,كرمان,Kerman,0
22333,33.6406148,50.0771125,2017-06-28 07:29:34.943,null,-1,خمين,false,3881,مركزي,Markazi,0
22357,34.018611,58.172222,2017-06-28 17:01:39.227,null,-1,فردوس,false,9771,خراسان جنوبي,Khorasan jonobi,0
22417,30.745833,49.708611,2017-06-29 13:49:51.41,null,-1,اميديه,false,63731,خوزستان,Khozestan,0
22738,36.692222,53.5525,2017-06-29 07:29:27.62,null,-1,بهشهر,false,4851,مازندران,Mazandaran,0
23074,38.034722,47.998611,2017-07-01 12:48:33.433,null,-1,نير-اردبيل,false,5641,اردبيل,Ardebil,0
23190,35.1678934,47.8038272,2017-07-01 06:21:53.24,null,-1,قروه درجزين,false,65691,همدان,Hamedan,0
23195,32.2582066,50.5705088,2017-07-01 10:34:26.753,null,-1,فارسان,false,8861,چهارمحال و بختياري,Chararmahal & bakhtiyari,0
23209,29.4850089,57.6439048,2017-06-30 11:18:15.93,null,-1,کنگاور-كرمانشاه,false,6741,كرمانشاه,Kermanshah,0
23255,34.057778,51.484167,2017-07-01 08:07:50.317,null,-1,آران و بيدگل,false,8741,اصفهان,Esfehan,0
23264,35.5778,51.461973,2017-07-02 13:18:38.603,null,-1,مصيري,false,73571,فارس,Fars,0
23378,30.114167,51.521667,2017-07-01 09:47:04.45,null,-1,نورآباد,false,6831,لرستان,Lorestan,0
23490,34.806667,46.488611,2017-07-02 10:10:46.85,null,-1,جوانرود,false,67981,كرمانشاه,Kermanshah,0
23760,34.576389,60.140833,2017-07-03 09:26:30.74,null,-1,خواف,false,9561,خراسان رضوي,Khorasan razavi,0
23834,29.9275,56.572222,2017-07-02 05:28:08.41,null,-1,بردسير,false,7841,كرمان,Kerman,0
23846,27.199167,54.366667,2017-07-03 06:56:01.253,null,-1,بستک,false,7961,هرمزگان,Hormozgan,0
23908,31.510278,50.829444,2017-07-02 19:56:25.867,null,-1,لردگان,false,8891,چهارمحال و بختياري,Chararmahal & bakhtiyari,0
24813,32.31,54.0175,2017-07-04 09:06:49.87,null,-1,اردکان-يزد,false,8951,يزد,Yazd,0
24908,34.481389,47.690833,2017-07-04 10:20:37.327,null,-1,صحنه,false,67461,كرمانشاه,Kermanshah,0
24978,37.85,46.833333,2017-07-04 09:35:46.68,null,-1,بستان آباد,false,5491,آذربايجان شرقي,Azarbayejan sharghi,0
26264,26.952222,55.585,2017-06-24 06:18:14.68,null,-1,خمير,false,7931,هرمزگان,Hormozgan,0
26571,34.352778,58.683611,2017-06-27 09:51:02.027,null,-1,گناباد,false,9691,خراسان رضوي,Khorasan razavi,0
27947,37.016111,55.141111,2017-07-01 08:57:23.327,null,-1,راميان,false,4951,گلستان,Golestan,0
28272,32.045556,48.856667,2017-07-03 13:46:52.407,null,-1,شوشتر,false,6451,خوزستان,Khozestan,0
30598,31.758664,54.204786,2017-06-24 07:40:48.993,null,-1,تفت,false,8991,يزد,Yazd,0
30612,34.719167,49.326667,2017-06-25 09:14:47.03,null,-1,کميجان,false,3851,مركزي,Markazi,0
31063,29.619444,51.654167,2017-07-01 17:32:00.79,null,-1,کازرون,false,731,فارس,Fars,0
31792,35.5778,51.461973,2017-07-03 09:08:00.073,null,-1,سامان-چهارمحال و بختياري,false,8851,چهارمحال و بختياري,Chararmahal & bakhtiyari,0
32070,28.751944,54.544444,2017-07-04 11:11:47.5,null,-1,داراب-فارس,false,7481,فارس,Fars,0
32378,27.891389,53.434444,2017-06-23 22:22:34.43,null,-1,خنج,false,74431,فارس,Fars,0
33855,38.246627,47.116762,2017-06-27 09:54:00.733,null,-1,هريس,false,5391,آذربايجان شرقي,Azarbayejan sharghi,0
34002,39.0372267,47.9277021,2017-06-25 15:14:49.747,null,-1,گرمي ,false,5651,اردبيل,Ardebil,0
34725,37.444444,59.108056,2017-07-04 08:59:47.923,null,-1,درگز,false,9491,خراسان رضوي,Khorasan razavi,0
35980,36.490572,51.140948,2017-06-24 12:39:07.46,null,-1,کلاردشت,false,46661,مازندران,Mazandaran,0
36683,35.218333,52.340833,2017-06-22 08:13:02.81,null,-1,گرمسار,false,3581,سمنان,Semnan,0
36714,31.591667,54.431667,2017-06-24 07:32:20.523,null,-1,مهريز,false,8981,يزد,Yazd,0
36768,32.251389,48.816111,2017-06-25 19:25:14.71,null,-1,گتوند,false,64551,خوزستان,Khozestan,0
36893,37.228889,55.374722,2017-06-28 09:42:06.483,null,-1,مينو دشت,false,4981,گلستان,Golestan,0
37617,36.686389,52.5225,2017-06-24 07:59:56.74,null,-1,فريدونکنار,false,4751,مازندران,Mazandaran,0
37629,35.913889,47.023889,2017-06-25 13:19:04.99,null,-1,ديواندره,false,6641,كردستان,Kordestan,0
37728,31.1304036,53.2503736,2017-06-28 09:40:52.183,null,-1,ابرکوه,false,8931,يزد,Yazd,0
38187,33.535,47.606111,2017-06-29 11:06:29.06,null,-1,کوهدشت,false,6841,لرستان,Lorestan,0
39749,36.168333,54.348056,2017-06-29 07:19:51.183,null,-1,دامغان,false,3671,سمنان,Semnan,0
40967,29.126667,54.042222,2017-06-25 10:45:51.603,null,-1,استهبان,false,7451,فارس,Fars,0
40979,29.874167,52.8025,2017-06-25 09:05:25.14,null,-1,مرودشت,false,7371,فارس,Fars,0
42634,33.827222,46.309722,2017-06-29 07:28:00.013,null,-1,ايوانکي,false,3591,سمنان,Semnan,0
42918,35.75499,52.772073,2017-06-23 13:11:50.99,null,-1,فيروزکوه,false,3981,تهران,Tehran,0
43818,35.3125,46.366944,2017-07-02 09:40:57.81,null,-1,سروآباد,false,66781,كردستان,Kordestan,0
44124,36.8241289,49.4237274,2017-06-25 06:34:16.72,null,-1,رودبار-گيلان,false,4461,گيلان,Gilan,0
44391,35.243889,60.6225,2017-07-03 08:01:12.997,null,-1,تربت جام,false,9571,خراسان رضوي,Khorasan razavi,0
44781,30.8956521,49.4094701,2017-06-24 13:11:21.823,null,-1,رامشير,false,63871,خوزستان,Khozestan,0
46203,32.8599445,53.0878321,2017-06-27 12:07:41.96,null,-1,نائين,false,8391,اصفهان,Esfehan,0
46779,35.706944,59.85,2017-07-01 06:46:29.483,null,-1,فريمان,false,9391,خراسان رضوي,Khorasan razavi,0
48508,34.74,60.775556,2017-06-25 08:31:45.867,null,-1,تايباد,false,9591,خراسان رضوي,Khorasan razavi,0
51220,37.076389,57.51,2017-06-29 15:57:58.653,null,-1,اسفراين,false,9661,خراسان شمالي,Khorasan shomali,0
52193,37.3621185,49.1314769,2017-06-22 13:24:03.687,null,-1,ماسال,false,4381,گيلان,Gilan,0
52239,31.965278,51.287222,2017-06-24 10:13:43.92,null,-1,بروجن,false,8871,چهارمحال و بختياري,Chararmahal & bakhtiyari,0
53053,31.265556,56.805556,2017-06-25 08:32:24.337,null,-1,راور,false,7651,كرمان,Kerman,0
53818,27.5559931,52.8847205,2017-06-25 16:39:45.903,null,-1,مهرستان,false,99661,سيستان و بلوچستان,Sistan & baloochestan,0
54052,27.5559931,52.8847205,2017-06-29 12:17:07.61,null,-1,مهربان,false,54761,آذربايجان شرقي,Azarbayejan sharghi,0
54084,34.2719149,47.6046183,2017-06-30 11:15:26.543,null,-1,هرسين,false,6731,كرمانشاه,Kermanshah,0
55837,26.4184719,60.2110752,2017-06-25 13:09:36.183,null,-1,نيکشهر,false,9991,سيستان و بلوچستان,Sistan & baloochestan,0
61271,29.233056,56.602222,2017-06-28 10:28:47.79,null,-1,بافت,false,7851,كرمان,Kerman,0
62301,36.545,61.157778,2017-06-22 08:08:00.19,null,-1,سرخس,false,9381,خراسان رضوي,Khorasan razavi,0
63615,36.3548841,59.4383955,2017-07-01 08:14:12.137,null,-1,شانديز,false,93561,خراسان رضوي,Khorasan razavi,0
63616,36.3548841,59.4383955,2017-07-02 07:50:08.507,null,-1,طرقبه,false,9351,خراسان رضوي,Khorasan razavi,0
63625,38.426944,48.483889,2017-07-02 07:12:00.563,null,-1,نمين,false,5631,اردبيل,Ardebil,0
64172,28.216667,61.2,2017-06-29 08:02:02.2,null,-1,خاش,false,9891,سيستان و بلوچستان,Sistan & baloochestan,0
65294,33.376111,52.369444,2017-06-25 08:37:37.927,null,-1,اردستان,false,8381,اصفهان,Esfehan,0
69297,36.95,56.38,2017-06-24 20:19:52.34,null,-1,جاجرم,false,9441,خراسان شمالي,Khorasan shomali,0
69708,31.834167,49.867222,2017-07-03 19:12:06.15,null,-1,ايذه,false,6391,خوزستان,Khozestan,0
70738,35.386667,49.033889,2017-07-04 07:29:26.937,null,-1,رزن,false,65681,همدان,Hamedan,0
72122,36.727222,53.808889,2017-06-22 08:58:16.24,null,-1,گلوگاه-مازندران,false,4861,مازندران,Mazandaran,0
72610,37.152778,49.870833,2017-06-29 06:48:41.543,null,-1,سياهکل,false,4431,گيلان,Gilan,0
73322,32.3947206,51.5965328,2017-06-30 14:46:41.58,null,-1,باغ ملک-خوزستان,false,63951,خوزستان,Khozestan,0
74451,33.139722,47.376111,2017-06-24 15:22:56.817,null,-1,دره شهر,false,6961,ايلام,Ilam,0
75581,30.898889,52.686667,2017-07-04 11:29:55.15,null,-1,اقليد,false,7381,فارس,Fars,0
76390,33.8639888,48.2642387,2017-06-25 10:14:21.777,null,-1,الشتر,false,6891,لرستان,Lorestan,0
92303,35.5778,51.461973,2017-06-27 09:06:38.68,null,-1,زرين آباد,false,4531,زنجان,Zanjan,0
94144,31.94,51.647778,2017-06-28 08:51:07.847,null,-1,دهاقان,false,8641,اصفهان,Esfehan,0
98017,32.6546275,51.6679826,2017-06-28 08:06:55.493,null,-1,داران-اصفهان,false,8561,اصفهان,Esfehan,0
100202,31.3988346,51.567593,2017-07-01 10:29:15.123,null,-1,سميرم,false,8661,اصفهان,Esfehan,0
120894,30.4855907,53.5933304,2017-06-22 11:20:36.923,null,-1,بوانات,false,73941,فارس,Fars,0
120923,27.3423771,53.1803558,2017-06-25 00:40:03.123,null,-1,لامرد,false,74341,فارس,Fars,0
125614,31.541944,60.036389,2017-06-25 07:20:23.893,null,-1,نهبندان,false,9751,خراسان جنوبي,Khorasan jonobi,0
125634,35.5778,51.461973,2017-06-24 11:47:00.54,null,-1,فريدونشهر,false,8591,اصفهان,Esfehan,0
132185,37.4092357,57.9276184,2017-06-25 15:42:28.433,null,-1,شيروان,false,9461,خراسان شمالي,Khorasan shomali,0
144535,26.630833,61.256389,2017-06-25 06:52:13.227,null,-1,سرباز,false,9931,سيستان و بلوچستان,Sistan & baloochestan,0
144767,37.168618,49.397409,2017-06-24 07:40:57.44,null,-1,شفت,false,43541,گيلان,Gilan,0
166190,34.516389,58.184444,2017-06-23 17:36:09.557,null,-1,بجستان,false,96981,خراسان رضوي,Khorasan razavi,0
188743,32.6546275,51.6679826,2017-06-24 14:00:23.287,null,-1,خور-اصفهان,false,8361,اصفهان,Esfehan,0
189715,34.691944,50.013056,2017-06-25 10:08:18.373,null,-1,تفرش,false,3951,مركزي,Markazi,0
190399,32.768333,50.628611,2017-06-29 13:33:20.14,null,-1,چادگان,false,8571,اصفهان,Esfehan,0
192509,35.255833,58.286389,2017-06-28 10:53:01.41,null,-1,خليل آباد,false,96771,خراسان رضوي,Khorasan razavi,0
193216,31.999722,50.661667,2017-07-01 11:12:35.06,null,-1,اردل,false,8881,چهارمحال و بختياري,Chararmahal & bakhtiyari,0
234355,25.8797106,55.0328017,2017-06-24 08:38:52.64,null,-1,ابوموسي,false,79591,هرمزگان,Hormozgan,0
272322,32.31,54.0175,2017-06-24 07:39:15.973,null,-1,اردکان-فارس,false,7361,فارس,Fars,0
297748,36.5788853,57.251215,2017-06-24 12:27:22.667,null,-1,جغتاي,false,9641,خراسان رضوي,Khorasan razavi,0
319097,34.198333,58.544444,2017-06-29 08:28:07.11,null,-1,کلات,false,9371,خراسان رضوي,Khorasan razavi,0
330996,35.577864,53.37932,2017-06-28 09:13:24.027,null,-1,اميريه-سمنان,false,3681,سمنان,Semnan,0
372385,35.577864,53.37932,2017-06-28 12:10:09.54,null,-1,ميامي-سمنان,false,3631,سمنان,Semnan,0
412964,32.328889,49.093611,2017-06-24 13:19:43.98,null,-1,لالي,false,64941,خوزستان,Khozestan,0
428252,35.5778,51.461973,2017-06-22 08:45:07.323,null,-1,بندر ريگ,false,75331,بوشهر,Booshehr,0
764557,27.827778,52.326944,2017-06-24 09:52:03.557,null,-1,بيارجمند,false,3661,سمنان,Semnan,0
